OBJECTID,DATE,Allegany,Anne_Arundel,Baltimore,Baltimore_City,Calvert,Caroline,Carroll,Cecil,Charles,Dorchester,Frederick,Garrett,Harford,Howard,Kent,Montgomery,Prince_Georges,Queen_Annes,Somerset,St_Marys,Talbot,Washington,Wicomico,Worcester,Unknown
1,03/15/2020 10:00:00 AM,,2,3,1,,,1,,1,,,,2,,,12,9,,,,,,,,
2,03/16/2020 10:00:00 AM,,1,4,1,,,1,,1,,,,2,1,,10,15,,,,1,,,,
3,03/17/2020 10:00:00 AM,,3,6,1,,,1,,1,,1,,2,3,,24,14,,,,1,,,,
4,03/18/2020 10:00:00 AM,,4,10,4,,,1,,2,,1,,3,8,,31,20,,,,1,,,,
5,03/19/2020 10:00:00 AM,,5,12,8,1,,2,,2,,1,,3,16,,33,23,,,,1,,,,
6,03/20/2020 10:00:00 AM,,10,13,11,1,,3,,2,,1,,5,18,,51,31,,,,1,,1,1,
7,03/21/2020 10:00:00 AM,,15,19,15,1,,3,,4,,1,,5,19,,68,36,,,,1,,2,1,
8,03/22/2020 10:00:00 AM,,18,28,24,2,1,4,1,4,,1,,5,24,,83,40,,1,1,1,1,2,2,
9,03/23/2020 10:00:00 AM,,20,35,31,2,1,5,1,5,,2,3,5,26,,93,47,1,1,1,1,2,4,2,
10,03/24/2020 10:00:00 AM,,24,42,41,3,1,5,3,5,,4,3,5,30,,107,63,1,1,2,1,2,4,2,
11,03/25/2020 10:00:00 AM,,31,51,53,3,1,5,4,8,,7,3,5,35,1,127,76,1,1,2,1,2,4,2,
12,03/26/2020 10:00:00 AM,,41,81,72,7,1,7,4,10,,14,3,9,49,1,164,101,1,1,4,1,2,5,2,
13,03/27/2020 10:00:00 AM,,63,103,88,9,1,9,9,17,,15,3,18,62,2,208,148,1,1,4,1,5,5,2,
14,03/28/2020 10:00:00 AM,,88,141,112,8,1,10,13,21,,22,3,21,73,2,255,196,1,1,8,2,6,6,2,
15,03/29/2020 10:00:00 AM,,99,162,129,10,3,82,13,28,,24,3,23,81,3,301,247,4,1,8,3,6,6,2,
16,03/30/2020 10:00:00 AM,,110,186,152,12,4,82,13,33,,26,3,24,96,3,341,294,4,1,9,4,7,6,3,
17,03/31/2020 10:00:00 AM,,127,227,187,15,4,92,14,40,,33,3,25,117,3,388,341,4,1,15,3,11,7,3,
18,04/01/2020 10:00:00 AM,,158,289,221,18,4,96,16,56,1,35,3,34,142,3,447,403,7,4,19,3,15,7,4,
19,04/02/2020 10:00:00 AM,1,206,353,265,22,4,105,20,69,1,45,3,37,152,5,498,473,8,4,27,4,17,7,5,
20,04/03/2020 10:00:00 AM,2,249,427,313,30,4,129,25,90,1,54,3,41,166,5,566,563,12,4,30,5,27,7,5,
21,04/04/2020 10:00:00 AM,3,289,491,343,33,4,134,33,95,1,73,3,44,180,5,640,653,13,4,34,6,29,8,7,
22,04/05/2020 10:00:00 AM,6,319,590,394,39,4,142,36,111,1,112,3,52,199,5,693,785,13,4,40,7,34,11,9,
23,04/06/2020 10:00:00 AM,6,343,648,435,40,6,150,37,129,1,138,3,55,214,5,793,916,15,4,41,8,37,11,10,
24,04/07/2020 10:00:00 AM,7,370,652,459,41,11,159,41,136,3,151,3,59,236,8,871,"1,020",15,4,46,8,44,17,10,
25,04/08/2020 10:00:00 AM,6,466,866,571,56,11,186,49,164,4,199,5,86,274,9,"1,088","1,310",16,4,62,10,57,20,10,
26,04/09/2020 10:00:00 AM,8,505,979,638,66,12,203,54,180,7,233,5,101,299,9,"1,214","1,476",17,4,65,13,60,21,16,
27,04/10/2020 10:00:00 AM,10,554,"1,072",689,76,12,214,64,220,7,289,4,110,319,9,"1,388","1,716",17,4,71,13,66,28,16,
28,04/11/2020 10:00:00 AM,11,615,"1,173",756,82,15,214,66,235,8,341,4,120,351,10,"1,537","1,923",19,4,73,13,72,33,19,
29,04/12/2020 10:00:00 AM,13,659,"1,257",812,90,17,236,74,253,9,368,4,129,371,11,"1,631","2,035",19,4,82,14,75,42,20,
30,04/13/2020 10:00:00 AM,15,724,"1,361",873,94,21,250,83,274,12,417,4,142,386,11,"1,756","2,205",19,6,95,16,93,58,21,
31,04/14/2020 10:00:00 AM,17,783,"1,377",962,99,21,259,85,292,14,441,4,147,403,11,"1,883","2,356",19,5,98,16,96,63,21,0
32,04/15/2020 10:00:00 AM,17,845,"1,485","1,060",102,22,262,90,310,16,442,4,152,424,11,"1,933","2,516",19,5,99,14,106,76,22,0
33,04/16/2020 10:00:00 AM,20,896,"1,516","1,160",103,23,283,101,327,18,497,4,161,451,11,"2,133","2,722",19,6,98,14,109,87,25,0
34,04/17/2020 10:00:00 AM,26,966,"1,569","1,273",109,28,288,127,337,20,525,4,176,475,14,"2,280","2,966",19,9,100,14,116,103,28,0
35,04/18/2020 10:00:00 AM,33,"1,005","1,664","1,378",109,33,308,131,347,20,557,4,195,508,16,"2,404","3,160",24,10,101,16,116,138,31,0
36,04/19/2020 10:00:00 AM,33,"1,047","1,733","1,392",113,33,313,131,370,21,591,4,210,515,18,"2,507","3,345",25,10,105,19,117,145,33,0
37,04/20/2020 10:00:00 AM,32,"1,098","1,875","1,511",114,39,335,134,392,23,616,4,226,538,28,"2,647","3,583",26,11,107,22,123,166,34,0
38,04/21/2020 10:00:00 AM,56,"1,157","1,925","1,542",116,41,330,134,401,25,632,4,232,565,29,"2,768","3,734",27,11,107,22,126,176,33,0
39,04/22/2020 10:00:00 AM,58,"1,190","2,012","1,602",118,41,344,134,427,28,658,4,267,592,36,"2,868","3,875",31,11,112,23,127,183,34,0
40,04/23/2020 10:00:00 AM,77,"1,294","2,132","1,672",121,50,355,140,442,31,690,4,280,618,64,"3,060","4,141",33,12,115,25,139,203,39,0
41,04/24/2020 10:00:00 AM,90,"1,373","2,234","1,728",125,55,372,144,459,32,765,4,289,642,67,"3,227","4,403",43,13,119,23,143,222,44,0
42,04/25/2020 10:00:00 AM,105,"1,430","2,387","1,791",130,61,384,146,483,38,814,4,302,686,67,"3,483","4,795",52,14,124,28,154,242,46,0
43,04/26/2020 10:00:00 AM,113,"1,510","2,509","1,866",134,63,391,154,504,46,834,4,319,707,68,"3,645","4,987",53,16,133,34,173,270,48,0
44,04/27/2020 10:00:00 AM,114,"1,544","2,548","1,933",138,68,403,163,529,51,865,4,352,778,70,"3,843","5,263",54,19,144,34,181,336,53,0
45,04/28/2020 10:00:00 AM,115,"1,571","2,631","1,977",139,69,416,163,539,52,870,4,358,802,73,"4,003","5,496",55,20,145,34,187,340,54,0
46,04/29/2020 10:00:00 AM,116,"1,662","2,740","2,014",142,69,421,164,551,51,893,4,371,831,73,"4,152","5,738",55,21,145,34,197,350,55,0
47,04/30/2020 10:00:00 AM,118,"1,725","2,831","2,068",150,71,436,167,564,51,918,4,414,867,79,"4,300","6,043",52,26,150,35,206,406,61,0
48,05/01/2020 10:00:00 AM,118,"1,807","3,013","2,162",161,74,460,176,611,54,942,4,437,896,86,"4,754","6,735",52,30,159,35,216,425,65,0
49,05/02/2020 10:00:00 AM,121,"1,885","3,183","2,237",160,79,480,187,622,59,976,4,468,931,80,"4,919","7,041",57,32,164,39,225,452,72,0
50,05/03/2020 10:00:00 AM,124,"1,959","3,301","2,319",162,95,494,188,637,71,"1,004",4,479,969,91,"5,150","7,333",60,33,165,44,232,473,75,0
51,05/04/2020 10:00:00 AM,126,"2,018","3,448","2,411",171,98,506,194,651,75,"1,038",4,491,992,95,"5,384","7,598",63,35,168,45,237,480,80,0
52,05/05/2020 10:00:00 AM,129,"2,045","3,430","2,609",174,99,513,195,660,76,"1,071",4,499,"1,010",95,"5,541","7,831",65,37,170,45,238,500,81,0
53,05/06/2020 10:00:00 AM,129,"2,085","3,527","2,752",184,101,521,200,670,79,"1,108",4,532,"1,061",94,"5,790","8,135",67,39,186,45,251,517,86,0
54,05/07/2020 10:00:00 AM,143,"2,194","3,662","2,856",188,105,534,208,698,85,"1,151",4,552,"1,098",98,"6,032","8,516",68,40,193,52,260,541,96,0
55,05/08/2020 10:00:00 AM,143,"2,290","3,763","2,941",191,107,542,211,716,86,"1,182",5,572,"1,138",98,"6,316","8,901",70,41,207,55,259,553,98,0
56,05/09/2020 10:00:00 AM,144,"2,372","3,737","3,208",202,110,551,219,729,91,"1,213",6,589,"1,170",102,"6,555","9,205",72,42,234,58,265,558,102,0
57,05/10/2020 10:00:00 AM,146,"2,463","3,862","3,317",206,133,560,242,748,95,"1,251",6,605,"1,205",113,"6,762","9,496",80,43,241,60,276,571,106,0
58,05/11/2020 10:00:00 AM,146,"2,492","3,948","3,353",209,167,583,267,756,98,"1,267",6,605,"1,223",116,"6,909","9,687",100,50,244,61,283,690,113,0
59,05/12/2020 10:00:00 AM,148,"2,520","4,051","3,404",211,174,589,270,761,102,"1,282",6,614,"1,234",120,"7,130","9,892",103,51,246,61,284,694,114,0
60,05/13/2020 10:00:00 AM,149,"2,596","4,160","3,476",214,177,595,271,778,102,"1,302",6,629,"1,258",123,"7,283","10,072",104,51,254,62,287,738,125,0
61,05/14/2020 10:00:00 AM,150,"2,661","4,290","3,505",225,183,619,291,796,104,"1,325",6,663,"1,285",125,"7,548","10,449",106,51,271,64,305,754,127,0
62,05/15/2020 10:00:00 AM,151,"2,752","4,399","3,606",228,190,635,300,829,107,"1,364",6,671,"1,313",131,"7,759","10,791",108,54,299,65,320,777,131,0
63,05/16/2020 10:00:00 AM,160,"2,801","4,549","3,719",237,200,633,308,844,111,"1,402",7,678,"1,352",138,"7,988","11,031",112,55,306,68,332,801,136,0
64,05/17/2020 10:00:00 AM,161,"2,856","4,624","3,798",241,191,646,308,859,111,"1,423",6,687,"1,378",137,"8,206","11,316",125,57,313,68,338,818,137,0
65,05/18/2020 10:00:00 AM,164,"2,893","4,749","3,830",245,200,703,318,867,122,"1,460",7,695,"1,416",140,"8,417","11,608",129,61,326,68,343,837,164,0
66,05/19/2020 10:00:00 AM,166,"2,981","4,920","4,002",255,208,712,323,895,122,"1,491",7,709,"1,465",144,"8,950","12,240",133,62,338,68,352,839,164,0
67,05/20/2020 10:00:00 AM,166,"3,033","5,025","4,152",259,210,720,328,921,122,"1,533",7,721,"1,494",145,"9,052","12,446",135,64,340,69,364,848,169,0
68,05/21/2020 10:00:00 AM,166,"3,132","5,135","4,339",278,216,733,331,943,124,"1,568",7,737,"1,548",143,"9,260","12,830",141,71,357,70,377,844,181,0
69,05/22/2020 10:00:00 AM,168,"3,207","5,170","4,492",291,223,755,339,956,126,"1,625",7,746,"1,586",146,"9,432","13,077",141,71,370,73,389,854,180,0
70,05/23/2020 10:00:00 AM,168,"3,282","5,290","4,673",298,231,765,342,969,126,"1,661",7,764,"1,638",148,"9,699","13,324",146,71,379,77,398,859,180,0
71,05/24/2020 10:00:00 AM,170,"3,307","5,373","4,782",304,240,783,345,989,127,"1,696",7,780,"1,667",152,"9,922","13,521",146,72,393,79,408,867,183,0
72,05/25/2020 10:00:00 AM,176,"3,357","5,476","4,888",307,241,802,348,997,128,"1,731",10,789,"1,716",155,"10,111","13,726",151,72,395,86,413,892,185,0
73,05/26/2020 10:00:00 AM,176,"3,394","5,498","4,997",308,243,811,353,"1,001",130,"1,746",10,795,"1,732",158,"10,291","13,819",151,73,400,86,413,908,194,0
74,05/27/2020 10:00:00 AM,177,"3,448","5,562","5,054",314,243,817,354,"1,008",133,"1,786",10,801,"1,760",160,"10,467","14,100",151,73,400,84,418,910,193,0
75,05/28/2020 10:00:00 AM,178,"3,556","5,678","5,203",320,245,840,356,"1,027",136,"1,824",10,827,"1,815",165,"10,752","14,508",152,73,417,87,423,919,198,0
76,05/29/2020 10:00:00 AM,177,"3,643","5,819","5,426",329,248,861,364,"1,056",140,"1,856",10,854,"1,868",167,"11,035","14,773",160,73,460,91,441,931,206,0
77,05/30/2020 10:00:00 AM,177,"3,743","5,955","5,564",334,253,880,366,"1,085",141,"1,890",10,861,"1,905",170,"11,251","15,022",159,73,471,96,456,943,210,0
78,05/31/2020 10:00:00 AM,178,"3,785","6,065","5,664",341,259,913,371,"1,108",142,"1,911",10,882,"1,928",173,"11,361","15,220",160,73,499,99,469,953,214,0
79,06/01/2020 10:00:00 AM,180,"3,842","6,299","5,604",349,260,914,369,"1,120",142,"1,928",10,881,"1,944",174,"11,476","15,353",161,73,505,101,472,955,215,0
80,06/02/2020 10:00:00 AM,181,"3,924","6,385","5,688",352,263,927,377,"1,133",144,"1,961",10,891,"1,975",174,"11,731","15,553",161,74,518,101,480,955,217,0
81,06/03/2020 10:00:00 AM,182,"4,009","6,457","5,801",348,265,940,381,"1,152",147,"2,005",10,901,"2,004",178,"11,924","15,738",162,75,536,103,486,959,219,0
82,06/04/2020 10:00:00 AM,182,"4,080","6,476","5,906",352,268,947,388,"1,174",152,"2,041",10,920,"2,033",180,"12,226","15,940",161,76,542,106,516,959,223,0
83,06/05/2020 10:00:00 AM,183,"4,150","6,590","6,038",353,268,960,393,"1,185",153,"2,069",10,939,"2,074",184,"12,434","16,169",163,76,547,106,529,967,230,0
84,06/06/2020 10:00:00 AM,184,"4,210","6,696","6,141",354,270,950,399,"1,196",154,"2,100",10,947,"2,094",185,"12,624","16,316",168,76,548,108,545,975,232,0
85,06/07/2020 10:00:00 AM,184,"4,236","6,753","6,229",358,272,952,404,"1,202",155,"2,114",10,957,"2,125",187,"12,734","16,434",170,76,553,108,548,977,235,0
86,06/08/2020 10:00:00 AM,185,"4,267","6,814","6,296",362,272,954,408,"1,211",156,"2,135",10,961,"2,156",187,"12,818","16,523",177,77,553,108,551,984,239,0
87,06/09/2020 10:00:00 AM,186,"4,309","6,852","6,355",363,273,963,417,"1,216",157,"2,152",10,969,"2,191",188,"12,968","16,636",177,77,561,108,545,990,241,0
88,06/10/2020 10:00:00 AM,185,"4,348","6,916","6,428",363,276,969,423,"1,231",157,"2,178",10,982,"2,220",189,"13,124","16,753",178,77,565,108,551,992,242,0
89,06/11/2020 10:00:00 AM,185,"4,421","6,985","6,509",366,278,976,429,"1,235",159,"2,202",10,990,"2,311",188,"13,276","16,940",178,78,573,107,560,998,243,0
90,06/12/2020 10:00:00 AM,187,"4,453","7,051","6,559",370,279,977,435,"1,248",160,"2,225",10,991,"2,332",189,"13,348","17,042",179,78,575,107,568,"1,004",246,0
91,06/13/2020 10:00:00 AM,187,"4,522","7,107","6,633",373,282,983,439,"1,264",161,"2,251",10,"1,004","2,371",192,"13,534","17,216",179,79,578,107,570,"1,010",253,0
92,06/14/2020 10:00:00 AM,187,"4,607","7,151","6,689",375,283,989,443,"1,269",162,"2,273",10,"1,009","2,335",193,"13,607","17,326",180,79,580,107,571,"1,020",256,0
93,06/15/2020 10:00:00 AM,187,"4,623","7,199","6,747",376,283,992,445,"1,272",165,"2,298",10,"1,019","2,350",193,"13,657","17,400",183,80,582,107,579,"1,027",258,0
94,06/16/2020 10:00:00 AM,188,"4,751","7,248","6,782",380,284,987,450,"1,277",166,"2,308",10,"1,023","2,327",193,"13,709","17,499",183,82,585,109,579,"1,031",258,0
95,06/17/2020 10:00:00 AM,188,"4,796","7,329","6,866",382,284,"1,006",455,"1,291",170,"2,336",10,"1,032","2,343",192,"13,819","17,611",187,82,587,110,593,"1,035",265,0
96,06/18/2020 10:00:00 AM,187,"4,835","7,371","6,906",385,285,"1,010",456,"1,294",170,"2,342",10,"1,036","2,348",193,"13,862","17,666",187,83,595,110,595,"1,036",267,0
97,06/19/2020 10:00:00 AM,187,"4,862","7,403","6,938",389,288,"1,028",459,"1,294",174,"2,361",10,"1,041","2,382",193,"13,928","17,709",203,83,599,113,601,"1,036",267,0
98,06/20/2020 10:00:00 AM,188,"4,880","7,480","6,993",393,290,"1,028",460,"1,304",180,"2,380",10,"1,052","2,409",193,"14,004","17,804",204,83,597,113,602,"1,039",270,0
99,06/21/2020 10:00:00 AM,188,"4,904","7,537","7,053",394,294,"1,030",460,"1,313",183,"2,393",10,"1,056","2,423",193,"14,079","17,874",205,83,602,115,603,"1,043",271,0
100,06/22/2020 10:00:00 AM,189,"4,916","7,585","7,095",397,294,"1,031",461,"1,328",183,"2,407",10,"1,060","2,436",194,"14,141","17,935",211,83,599,117,611,"1,046",274,0
101,06/23/2020 10:00:00 AM,192,"4,946","7,635","7,148",398,296,"1,061",461,"1,333",183,"2,419",10,"1,064","2,423",194,"14,204","18,080",211,84,605,116,616,"1,051",277,0
102,06/24/2020 10:00:00 AM,194,"4,956","7,652","7,210",402,297,"1,082",464,"1,341",183,"2,425",10,"1,072","2,436",195,"14,283","18,151",213,84,606,116,634,"1,053",278,0
103,06/25/2020 10:00:00 AM,203,"4,985","7,710","7,258",403,302,"1,101",460,"1,350",184,"2,441",10,"1,078","2,453",194,"14,381","18,249",215,85,610,119,653,"1,055",278,0
104,06/26/2020 10:00:00 AM,204,"5,005","7,768","7,299",404,309,"1,104",462,"1,357",182,"2,448",10,"1,078","2,470",195,"14,471","18,307",220,86,611,121,663,"1,059",282,0
105,06/27/2020 10:00:00 AM,204,"5,042","7,800","7,363",408,315,"1,104",473,"1,362",183,"2,465",10,"1,090","2,490",196,"14,520","18,342",224,86,619,130,684,"1,058",282,0
106,06/28/2020 10:00:00 AM,204,"5,055","7,847","7,416",410,315,"1,105",473,"1,371",185,"2,471",11,"1,096","2,501",198,"14,607","18,414",226,86,620,130,694,"1,060",282,0
107,06/29/2020 10:00:00 AM,204,"5,092","7,929","7,498",413,318,"1,114",478,"1,383",188,"2,486",11,"1,108","2,527",199,"14,675","18,505",227,87,633,136,695,"1,062",286,0
108,06/30/2020 10:00:00 AM,205,"5,109","7,985","7,546",414,319,"1,117",479,"1,393",188,"2,490",11,"1,116","2,538",198,"14,737","18,572",230,87,637,137,698,"1,067",286,0
109,07/01/2020 10:00:00 AM,205,"5,134","8,040","7,605",415,320,"1,136",480,"1,399",188,"2,493",11,"1,127","2,568",200,"14,803","18,645",230,87,639,137,697,"1,070",289,0
110,07/02/2020 10:00:00 AM,205,"5,179","8,105","7,701",418,321,"1,149",486,"1,416",189,"2,501",11,"1,153","2,602",201,"14,899","18,731",232,87,646,141,687,"1,074",289,0
111,07/03/2020 10:00:00 AM,206,"5,200","8,183","7,789",419,321,"1,155",487,"1,426",188,"2,520",11,"1,173","2,618",200,"15,021","18,861",234,87,651,144,691,"1,085",291,0
112,07/04/2020 10:00:00 AM,208,"5,239","8,234","7,857",419,322,"1,156",490,"1,430",192,"2,546",13,"1,176","2,637",200,"15,082","18,940",240,87,652,147,695,"1,087",292,0
113,07/05/2020 10:00:00 AM,210,"5,261","8,285","7,897",421,322,"1,158",494,"1,437",201,"2,552",14,"1,180","2,651",203,"15,129","18,998",247,88,654,150,696,"1,088",296,0
114,07/06/2020 10:00:00 AM,210,"5,290","8,335","7,960",422,322,"1,164",498,"1,441",201,"2,554",15,"1,189","2,666",203,"15,163","19,040",248,88,659,152,696,"1,091",297,0
115,07/07/2020 10:00:00 AM,210,"5,305","8,381","8,000",422,323,"1,182",505,"1,451",199,"2,551",15,"1,198","2,685",204,"15,332","19,182",256,91,662,155,691,"1,095",301,0
116,07/08/2020 10:00:00 AM,212,"5,341","8,443","8,071",425,325,"1,188",512,"1,473",199,"2,553",16,"1,209","2,723",204,"15,400","19,285",260,93,666,161,694,"1,102",306,0
117,07/09/2020 10:00:00 AM,212,"5,391","8,497","8,155",435,329,"1,190",514,"1,483",199,"2,567",17,"1,225","2,751",203,"15,503","19,456",268,94,673,165,702,"1,109",309,0
118,07/10/2020 10:00:00 AM,213,"5,423","8,581","8,249",438,332,"1,200",518,"1,496",203,"2,577",19,"1,246","2,770",204,"15,568","19,510",273,98,679,170,710,"1,119",314,0
119,07/11/2020 10:00:00 AM,216,"5,471","8,675","8,367",445,334,"1,210",526,"1,502",209,"2,586",22,"1,262","2,793",204,"15,623","19,598",287,98,689,184,720,"1,130",316,0
120,07/12/2020 10:00:00 AM,216,"5,514","8,797","8,489",449,336,"1,217",527,"1,517",217,"2,598",26,"1,279","2,825",204,"15,727","19,713",290,99,700,185,727,"1,136",321,0
121,07/13/2020 10:00:00 AM,218,"5,562","8,892","8,566",453,336,"1,221",529,"1,528",217,"2,605",27,"1,288","2,850",205,"15,780","19,773",290,101,708,189,728,"1,139",322,0
122,07/14/2020 10:00:00 AM,220,"5,619","8,990","8,689",458,345,"1,224",531,"1,534",217,"2,619",27,"1,311","2,891",205,"15,883","19,956",296,103,721,197,737,"1,156",331,0
123,07/15/2020 10:00:00 AM,222,"5,683","9,153","8,835",459,347,"1,228",536,"1,552",219,"2,635",28,"1,325","2,922",208,"15,986","20,099",299,105,730,207,739,"1,160",339,0
124,07/16/2020 10:00:00 AM,224,"5,735","9,261","8,998",467,350,"1,235",538,"1,567",231,"2,655",29,"1,336","2,957",211,"16,056","20,191",301,105,739,216,743,"1,164",355,0
125,07/17/2020 10:00:00 AM,227,"5,813","9,376","9,141",479,351,"1,248",542,"1,583",232,"2,661",30,"1,351","2,983",215,"16,153","20,302",305,106,753,230,751,"1,173",366,0
126,07/18/2020 10:00:00 AM,232,"5,902","9,517","9,284",483,352,"1,256",550,"1,593",238,"2,701",33,"1,380","3,040",218,"16,251","20,425",310,107,764,238,773,"1,176",383,0
127,07/19/2020 10:00:00 AM,237,"5,955","9,723","9,428",490,360,"1,269",553,"1,609",245,"2,722",34,"1,412","3,097",221,"16,372","20,589",318,108,773,243,784,"1,181",408,0
128,07/20/2020 10:00:00 AM,239,"6,003","9,828","9,505",494,365,"1,276",559,"1,619",246,"2,739",34,"1,427","3,128",223,"16,433","20,690",331,108,779,257,796,"1,189",417,0
129,07/21/2020 10:00:00 AM,240,"6,062","9,994","9,644",495,367,"1,296",566,"1,642",246,"2,785",34,"1,452","3,177",224,"16,520","20,867",335,110,785,265,816,"1,195",428,0
130,07/22/2020 10:00:00 AM,240,"6,105","10,153","9,738",503,368,"1,311",570,"1,659",288,"2,797",37,"1,472","3,198",221,"16,593","20,958",340,110,789,268,818,"1,201",435,0
131,07/23/2020 10:00:00 AM,244,"6,144","10,345","9,842",509,371,"1,316",576,"1,679",294,"2,820",38,"1,514","3,242",223,"16,654","21,038",341,111,790,274,826,"1,206",439,0
132,07/24/2020 10:00:00 AM,244,"6,229","10,520","10,001",515,374,"1,337",583,"1,695",303,"2,833",41,"1,540","3,271",224,"16,768","21,210",350,114,805,289,833,"1,219",468,0
133,07/25/2020 10:00:00 AM,252,"6,343","10,793","10,210",528,393,"1,355",596,"1,719",305,"2,870",42,"1,579","3,313",228,"16,922","21,432",357,114,822,298,864,"1,228",491,0
134,07/26/2020 10:00:00 AM,256,"6,380","10,924","10,353",535,403,"1,369",597,"1,730",317,"2,879",42,"1,597","3,327",229,"17,020","21,558",366,114,834,308,871,"1,239",500,0
135,07/27/2020 10:00:00 AM,260,"6,469","11,124","10,579",546,412,"1,391",601,"1,753",319,"2,909",43,"1,631","3,373",229,"17,164","21,770",370,115,849,317,897,"1,249",506,0
136,07/28/2020 10:00:00 AM,262,"6,537","11,252","10,702",552,416,"1,402",607,"1,772",319,"2,931",48,"1,648","3,410",224,"17,230","21,870",375,116,855,320,914,"1,256",506,0
137,07/29/2020 10:00:00 AM,260,"6,599","11,423","10,826",559,418,"1,414",612,"1,796",319,"2,947",45,"1,676","3,441",224,"17,305","22,044",376,116,863,323,931,"1,260",508,0
138,07/30/2020 10:00:00 AM,264,"6,684","11,615","11,004",565,418,"1,435",619,"1,819",326,"2,964",45,"1,716","3,472",229,"17,397","22,183",378,117,874,330,936,"1,269",518,0
139,07/31/2020 10:00:00 AM,266,"6,770","11,818","11,192",588,423,"1,449",622,"1,832",340,"2,986",45,"1,750","3,530",232,"17,568","22,416",383,119,896,340,952,"1,279",550,0
140,08/01/2020 10:00:00 AM,267,"6,855","11,997","11,406",612,430,"1,467",630,"1,855",349,"2,989",43,"1,780","3,570",235,"17,665","22,606",386,121,904,361,967,"1,287",583,0
141,08/02/2020 10:00:00 AM,271,"6,958","12,175","11,577",619,432,"1,481",647,"1,878",351,"2,998",43,"1,818","3,622",235,"17,758","22,743",397,123,922,366,978,"1,294",588,0
142,08/03/2020 10:00:00 AM,273,"7,007","12,401","11,748",635,438,"1,491",655,"1,909",352,"3,010",43,"1,853","3,660",235,"17,842","22,880",399,123,931,368,982,"1,298",611,0
143,08/04/2020 10:00:00 AM,276,"7,071","12,525","11,844",649,439,"1,503",662,"1,932",352,"3,016",44,"1,863","3,690",235,"17,910","23,082",399,129,931,368,986,"1,309",639,0
144,08/05/2020 10:00:00 AM,276,"7,114","12,666","11,953",660,441,"1,511",672,"1,947",353,"3,020",45,"1,878","3,717",235,"17,976","23,156",402,129,945,369,989,"1,316",656,0
145,08/06/2020 10:00:00 AM,279,"7,200","12,777","12,075",667,444,"1,516",681,"1,961",360,"3,032",45,"1,906","3,729",236,"18,032","23,225",406,130,951,371,996,"1,322",664,0
146,08/07/2020 10:00:00 AM,280,"7,243","12,915","12,239",672,445,"1,530",689,"1,983",365,"3,050",46,"1,922","3,779",238,"18,139","23,372",420,133,962,384,"1,003","1,322",675,0
147,08/08/2020 10:00:00 AM,287,"7,295","13,060","12,375",685,445,"1,537",698,"2,000",371,"3,055",49,"1,934","3,809",239,"18,260","23,554",422,134,965,394,"1,007","1,324",682,0
148,08/09/2020 10:00:00 AM,291,"7,361","13,257","12,547",697,451,"1,546",702,"2,024",371,"3,067",49,"1,968","3,846",243,"18,392","23,697",431,136,983,400,"1,012","1,338",694,0
149,08/10/2020 10:00:00 AM,299,"7,416","13,400","12,704",707,453,"1,554",706,"2,040",375,"3,082",49,"1,994","3,881",243,"18,489","23,832",434,139,999,402,"1,018","1,348",694,0
150,08/11/2020 10:00:00 AM,300,"7,450","13,374","12,893",713,453,"1,567",708,"2,067",378,"3,093",51,"2,012","3,913",242,"18,558","24,009",433,141,"1,003",403,"1,029","1,356",697,0
151,08/12/2020 10:00:00 AM,303,"7,479","13,463","12,991",715,454,"1,572",714,"2,084",378,"3,118",53,"2,034","3,941",243,"18,641","24,098",440,141,"1,012",404,"1,041","1,361",704,0
152,08/13/2020 10:00:00 AM,312,"7,528","13,593","13,063",724,455,"1,583",715,"2,102",393,"3,154",54,"2,055","3,967",242,"18,752","24,301",446,141,"1,022",411,"1,066","1,374",707,0
153,08/14/2020 10:00:00 AM,326,"7,564","13,699","13,210",725,457,"1,596",719,"2,119",394,"3,173",54,"2,085","4,009",242,"18,819","24,442",468,142,"1,039",412,"1,090","1,381",710,0
154,08/15/2020 10:00:00 AM,338,"7,618","13,847","13,341",733,460,"1,603",724,"2,152",402,"3,196",58,"2,125","4,040",242,"18,925","24,588",470,147,"1,040",418,"1,117","1,390",719,0
155,08/16/2020 10:00:00 AM,341,"7,648","13,941","13,425",737,461,"1,608",726,"2,165",408,"3,216",58,"2,150","4,071",244,"19,003","24,654",482,151,"1,048",420,"1,125","1,401",729,0
156,08/17/2020 10:00:00 AM,343,"7,700","14,043","13,507",742,465,"1,613",736,"2,175",413,"3,231",58,"2,167","4,089",246,"19,071","24,719",487,154,"1,061",421,"1,138","1,405",731,0
157,08/18/2020 10:00:00 AM,348,"7,734","14,116","13,566",745,468,"1,622",738,"2,198",407,"3,247",58,"2,183","4,111",249,"19,127","24,888",493,155,"1,064",424,"1,148","1,410",736,0
158,08/19/2020 10:00:00 AM,354,"7,782","14,180","13,643",748,471,"1,623",739,"2,213",408,"3,267",59,"2,202","4,125",251,"19,180","24,949",495,159,"1,064",425,"1,160","1,415",737,0
159,08/20/2020 10:00:00 AM,358,"7,809","14,327","13,708",755,472,"1,625",744,"2,224",416,"3,289",60,"2,225","4,148",251,"19,264","25,058",498,164,"1,069",430,"1,170","1,424",741,0
160,08/21/2020 10:00:00 AM,365,"7,861","14,471","13,804",757,472,"1,632",752,"2,234",425,"3,309",61,"2,257","4,178",255,"19,325","25,197",508,169,"1,075",433,"1,192","1,428",739,0
161,08/22/2020 10:00:00 AM,367,"7,922","14,585","13,897",759,477,"1,638",757,"2,250",427,"3,321",61,"2,285","4,192",254,"19,385","25,343",512,176,"1,077",436,"1,207","1,442",753,0
162,08/23/2020 10:00:00 AM,377,"7,966","14,693","13,981",761,478,"1,647",761,"2,260",429,"3,344",61,"2,311","4,214",254,"19,468","25,426",514,176,"1,080",446,"1,234","1,461",760,0
163,08/24/2020 10:00:00 AM,381,"8,011","14,788","14,072",764,479,"1,651",765,"2,278",430,"3,371",61,"2,337","4,249",254,"19,540","25,537",517,176,"1,084",452,"1,237","1,473",762,0
164,08/25/2020 10:00:00 AM,387,"8,037","14,823","14,110",766,480,"1,655",766,"2,306",430,"3,376",63,"2,344","4,266",255,"19,599","25,648",523,181,"1,086",458,"1,241","1,480",766,0
165,08/26/2020 10:00:00 AM,388,"8,091","14,912","14,172",768,481,"1,660",766,"2,319",430,"3,404",63,"2,357","4,282",256,"19,646","25,705",524,183,"1,089",459,"1,258","1,488",785,0
166,08/27/2020 10:00:00 AM,389,"8,132","15,043","14,243",772,485,"1,665",768,"2,331",437,"3,413",62,"2,381","4,300",260,"19,733","25,817",526,187,"1,091",461,"1,267","1,506",794,0
167,08/28/2020 10:00:00 AM,392,"8,190","15,149","14,312",779,489,"1,669",769,"2,346",443,"3,430",63,"2,408","4,325",260,"19,806","25,963",533,191,"1,096",463,"1,273","1,522",793,0
168,08/29/2020 10:00:00 AM,391,"8,264","15,274","14,383",783,496,"1,679",776,"2,366",451,"3,459",63,"2,437","4,354",261,"19,866","26,064",540,192,"1,103",469,"1,288","1,538",797,0
169,08/30/2020 10:00:00 AM,391,"8,300","15,382","14,424",786,504,"1,686",782,"2,382",458,"3,477",63,"2,459","4,367",263,"19,946","26,151",543,192,"1,108",472,"1,308","1,547",800,0
170,08/31/2020 10:00:00 AM,393,"8,351","15,479","14,478",788,510,"1,694",788,"2,394",461,"3,492",63,"2,475","4,381",263,"20,006","26,215",553,195,"1,112",473,"1,312","1,565",808,0
171,09/01/2020 10:00:00 AM,395,"8,400","15,593","14,535",791,513,"1,700",795,"2,403",462,"3,505",63,"2,500","4,415",264,"20,103","26,356",556,196,"1,121",473,"1,321","1,568",835,0
172,09/02/2020 10:00:00 AM,396,"8,469","15,665","14,569",793,520,"1,711",802,"2,411",461,"3,513",63,"2,523","4,431",267,"20,190","26,428",558,198,"1,122",475,"1,337","1,575",842,0
173,09/03/2020 10:00:00 AM,398,"8,536","15,825","14,626",795,522,"1,728",809,"2,424",468,"3,532",63,"2,552","4,459",270,"20,281","26,565",560,201,"1,130",478,"1,349","1,587",854,0
174,09/04/2020 10:00:00 AM,401,"8,625","15,959","14,692",807,535,"1,744",824,"2,439",473,"3,562",64,"2,586","4,502",270,"20,399","26,697",571,203,"1,139",484,"1,369","1,614",872,0
175,09/05/2020 10:00:00 AM,403,"8,699","16,081","14,767",812,563,"1,769",838,"2,450",485,"3,591",64,"2,612","4,542",271,"20,500","26,858",577,205,"1,144",488,"1,378","1,634",876,0
176,09/06/2020 10:00:00 AM,404,"8,751","16,183","14,834",820,565,"1,780",848,"2,464",498,"3,603",64,"2,634","4,573",273,"20,578","26,917",579,205,"1,150",492,"1,386","1,640",878,0
177,09/07/2020 10:00:00 AM,407,"8,820","16,302","14,962",826,570,"1,788",853,"2,485",500,"3,622",64,"2,665","4,605",277,"20,718","27,027",587,206,"1,162",497,"1,392","1,661",887,0
178,09/08/2020 10:00:00 AM,407,"8,857","16,347","14,994",830,572,"1,796",858,"2,494",502,"3,638",64,"2,676","4,627",277,"20,766","27,102",589,207,"1,164",497,"1,411","1,667",897,0
179,09/09/2020 10:00:00 AM,408,"8,892","16,382","15,037",838,572,"1,807",862,"2,503",502,"3,642",65,"2,686","4,652",277,"20,838","27,163",591,209,"1,164",497,"1,416","1,673",899,0
180,09/10/2020 10:00:00 AM,409,"8,945","16,441","15,092",843,582,"1,815",878,"2,517",505,"3,664",65,"2,725","4,683",277,"20,893","27,245",595,210,"1,165",500,"1,440","1,683",906,0
181,09/11/2020 10:00:00 AM,411,"8,986","16,520","15,162",847,584,"1,820",886,"2,536",509,"3,684",66,"2,750","4,704",279,"20,993","27,439",599,211,"1,170",501,"1,453","1,697",917,0
182,09/12/2020 10:00:00 AM,415,"9,065","16,648","15,183",854,606,"1,842",904,"2,554",514,"3,717",67,"2,781","4,743",288,"21,089","27,589",606,216,"1,186",508,"1,474","1,754",930,0
183,09/13/2020 10:00:00 AM,421,"9,119","16,724","15,254",862,609,"1,852",911,"2,570",527,"3,742",68,"2,811","4,768",290,"21,167","27,683",607,219,"1,193",510,"1,493","1,770",940,0
184,09/14/2020 10:00:00 AM,424,"9,191","16,797","15,299",874,609,"1,863",918,"2,591",530,"3,756",68,"2,834","4,787",291,"21,281","27,760",612,220,"1,197",512,"1,506","1,778",948,0
185,09/15/2020 10:00:00 AM,429,"9,302","16,905","15,236",881,612,"1,871",942,"2,607",538,"3,785",71,"2,846","4,809",293,"21,375","27,891",613,225,"1,202",515,"1,525","1,819",953,0
186,09/16/2020 10:00:00 AM,431,"9,398","17,165","15,085",885,620,"1,881",949,"2,628",546,"3,811",70,"2,865","4,843",289,"21,467","28,034",618,227,"1,217",519,"1,546","1,833",961,0
187,09/17/2020 10:00:00 AM,435,"9,452","17,221","15,129",898,620,"1,888",964,"2,646",554,"3,834",71,"2,883","4,863",293,"21,574","28,202",626,238,"1,232",520,"1,556","1,846",974,0
188,09/18/2020 10:00:00 AM,439,"9,504","17,288","15,177",901,622,"1,891",968,"2,664",557,"3,851",71,"2,900","4,881",293,"21,640","28,361",630,240,"1,241",524,"1,589","1,855",975,0
189,09/19/2020 10:00:00 AM,443,"9,559","17,365","15,204",905,632,"1,900",985,"2,686",568,"3,896",72,"2,915","4,912",295,"21,760","28,495",634,244,"1,248",528,"1,627","1,879",992,0
190,09/20/2020 10:00:00 AM,444,"9,622","17,423","15,226",907,634,"1,909",997,"2,694",571,"3,914",72,"2,931","4,941",295,"21,814","28,555",637,244,"1,253",539,"1,646","1,893",995,0
191,09/21/2020 10:00:00 AM,447,"9,677","17,486","15,259",913,636,"1,912","1,010","2,703",575,"3,935",72,"2,937","4,961",296,"21,877","28,629",638,246,"1,259",542,"1,654","1,902","1,002",0
192,09/22/2020 10:00:00 AM,450,"9,713","17,523","15,292",914,638,"1,917","1,017","2,716",578,"3,938",72,"2,945","4,968",297,"21,933","28,715",640,246,"1,257",543,"1,676","1,914","1,010",0
193,09/23/2020 10:00:00 AM,454,"9,759","17,579","15,329",920,638,"1,920","1,025","2,725",578,"3,958",72,"2,945","4,983",298,"22,002","28,784",645,251,"1,259",543,"1,691","1,919","1,020",0
194,09/24/2020 10:00:00 AM,459,"9,812","17,655","15,374",928,640,"1,925","1,034","2,737",582,"3,975",72,"2,963","4,997",300,"22,078","28,887",650,252,"1,262",549,"1,705","1,936","1,028",0
195,09/25/2020 10:00:00 AM,460,"9,873","17,720","15,431",933,640,"1,937","1,038","2,745",587,"3,995",72,"2,986","5,013",300,"22,185","28,995",652,263,"1,274",551,"1,720","1,949","1,040",0
196,09/26/2020 10:00:00 AM,461,"9,933","17,782","15,484",939,644,"1,944","1,056","2,753",592,"4,019",72,"3,008","5,034",303,"22,275","29,130",654,272,"1,288",555,"1,770","1,959","1,045",0
197,09/27/2020 10:00:00 AM,463,"9,969","17,837","15,525",942,646,"1,948","1,057","2,759",593,"4,037",74,"3,021","5,061",304,"22,360","29,210",659,276,"1,291",559,"1,787","1,975","1,050",0
198,09/28/2020 10:00:00 AM,464,"10,027","17,902","15,582",950,652,"1,952","1,068","2,770",593,"4,054",74,"3,039","5,082",304,"22,421","29,305",662,278,"1,302",565,"1,794","1,992","1,048",0
199,09/29/2020 10:00:00 AM,473,"10,073","17,939","15,606",961,654,"1,957","1,079","2,779",594,"4,073",74,"3,045","5,098",303,"22,512","29,416",666,276,"1,306",565,"1,811","1,998","1,053",0
200,09/30/2020 10:00:00 AM,474,"10,117","17,994","15,629",972,657,"1,965","1,085","2,798",594,"4,088",74,"3,060","5,120",305,"22,584","29,494",666,277,"1,310",568,"1,827","2,009","1,058",0
201,10/01/2020 10:00:00 AM,484,"10,186","18,148","15,793",980,659,"1,975","1,090","2,819",598,"4,117",75,"3,086","5,149",305,"22,679","29,617",669,282,"1,317",570,"1,837","2,016","1,059",0
202,10/02/2020 10:00:00 AM,484,"10,264","18,213","15,864",994,661,"1,987","1,108","2,829",608,"4,144",76,"3,101","5,172",305,"22,810","29,791",674,289,"1,330",574,"1,848","2,025","1,071",0
203,10/03/2020 10:00:00 AM,492,"10,323","18,285","15,898","1,001",662,"2,000","1,118","2,841",613,"4,175",76,"3,124","5,217",308,"22,893","29,905",677,295,"1,337",577,"1,857","2,056","1,089",0
204,10/04/2020 10:00:00 AM,492,"10,376","18,354","15,954","1,005",662,"2,003","1,120","2,851",614,"4,191",76,"3,141","5,234",309,"22,976","30,004",680,299,"1,343",578,"1,861","2,085","1,082",0
205,10/05/2020 10:00:00 AM,495,"10,429","18,409","16,023","1,009",664,"2,008","1,125","2,860",615,"4,219",76,"3,148","5,262",309,"23,079","30,088",682,311,"1,348",579,"1,862","2,100","1,091",0
206,10/06/2020 10:00:00 AM,498,"10,473","18,455","16,056","1,019",666,"2,022","1,127","2,869",616,"4,225",76,"3,167","5,276",311,"23,135","30,153",684,323,"1,357",579,"1,897","2,117","1,103",0
207,10/07/2020 10:00:00 AM,501,"10,527","18,522","16,100","1,032",668,"2,034","1,134","2,878",617,"4,249",76,"3,191","5,292",315,"23,194","30,226",688,325,"1,360",578,"1,917","2,135","1,105",0
208,10/08/2020 10:00:00 AM,504,"10,572","18,668","16,263","1,041",674,"2,043","1,139","2,888",622,"4,279",76,"3,207","5,322",316,"23,293","30,356",691,329,"1,363",584,"1,926","2,157","1,112",0
209,10/09/2020 10:00:00 AM,506,"10,655","18,792","16,354","1,047",677,"2,051","1,148","2,904",625,"4,297",76,"3,227","5,357",318,"23,403","30,502",691,335,"1,361",583,"1,955","2,175","1,120",0
210,10/10/2020 10:00:00 AM,513,"10,732","18,887","16,390","1,057",680,"2,069","1,163","2,922",633,"4,314",79,"3,246","5,391",320,"23,505","30,621",699,341,"1,363",583,"1,972","2,190","1,125",0
211,10/11/2020 10:00:00 AM,524,"10,787","18,974","16,448","1,066",683,"2,079","1,168","2,935",639,"4,340",81,"3,262","5,422",322,"23,601","30,692",704,342,"1,370",587,"1,986","2,216","1,129",0
212,10/12/2020 10:00:00 AM,525,"10,875","19,043","16,508","1,073",683,"2,086","1,172","2,942",642,"4,359",82,"3,272","5,459",322,"23,696","30,762",704,343,"1,371",589,"1,993","2,230","1,130",0
213,10/13/2020 10:00:00 AM,528,"10,915","19,102","16,543","1,074",684,"2,092","1,179","2,947",642,"4,379",82,"3,288","5,473",325,"23,817","30,878",705,345,"1,373",589,"2,008","2,242","1,133",0
214,10/14/2020 10:00:00 AM,536,"10,986","19,176","16,584","1,078",686,"2,099","1,190","2,962",644,"4,399",87,"3,317","5,487",325,"23,926","30,969",711,358,"1,375",593,"2,039","2,248","1,143",0
215,10/15/2020 10:00:00 AM,538,"11,053","19,275","16,647","1,082",688,"2,108","1,192","2,983",653,"4,436",88,"3,335","5,508",326,"24,015","31,102",714,363,"1,382",596,"2,054","2,259","1,151",0
216,10/16/2020 10:00:00 AM,543,"11,151","19,403","16,681","1,098",687,"2,120","1,244","2,991",661,"4,464",94,"3,353","5,534",326,"24,174","31,210",719,368,"1,385",602,"2,075","2,287","1,159",0
217,10/17/2020 10:00:00 AM,551,"11,222","19,494","16,773","1,113",699,"2,128","1,262","3,007",679,"4,498",96,"3,374","5,566",326,"24,291","31,367",725,377,"1,392",610,"2,093","2,320","1,164",0
218,10/18/2020 10:00:00 AM,561,"11,265","19,565","16,842","1,117",704,"2,137","1,269","3,018",687,"4,519",100,"3,395","5,580",329,"24,395","31,442",734,383,"1,395",619,"2,099","2,337","1,165",0
219,10/19/2020 10:00:00 AM,569,"11,336","19,646","16,906","1,120",704,"2,141","1,275","3,029",695,"4,534",105,"3,417","5,605",332,"24,466","31,497",736,387,"1,400",621,"2,108","2,357","1,168",0
220,10/20/2020 10:00:00 AM,587,"11,391","19,749","16,937","1,132",710,"2,152","1,284","3,041",711,"4,546",106,"3,430","5,628",332,"24,560","31,617",740,395,"1,409",623,"2,116","2,374","1,174",0
221,10/21/2020 10:00:00 AM,594,"11,433","19,799","17,000","1,141",713,"2,159","1,291","3,050",715,"4,559",108,"3,448","5,647",334,"24,664","31,695",742,398,"1,416",627,"2,137","2,385","1,181",0
222,10/22/2020 10:00:00 AM,604,"11,514","19,897","17,079","1,145",721,"2,168","1,299","3,067",735,"4,581",115,"3,482","5,684",336,"24,772","31,844",743,401,"1,420",631,"2,158","2,397","1,186",0
223,10/23/2020 10:00:00 AM,614,"11,568","19,980","17,181","1,153",726,"2,175","1,307","3,078",742,"4,610",117,"3,492","5,716",338,"24,877","31,999",758,404,"1,429",636,"2,182","2,418","1,191",0
224,10/24/2020 10:00:00 AM,624,"11,645","20,108","17,312","1,158",729,"2,192","1,310","3,090",761,"4,643",123,"3,513","5,743",338,"24,984","32,121",762,409,"1,443",636,"2,211","2,434","1,198",0
225,10/25/2020 10:00:00 AM,635,"11,724","20,208","17,440","1,162",732,"2,202","1,322","3,113",769,"4,678",126,"3,529","5,777",338,"25,147","32,225",767,410,"1,452",641,"2,229","2,451","1,202",0
226,10/26/2020 10:00:00 AM,646,"11,778","20,273","17,506","1,170",736,"2,211","1,325","3,136",775,"4,700",130,"3,541","5,801",340,"25,281","32,292",768,410,"1,459",643,"2,239","2,480","1,204",0
227,10/27/2020 10:00:00 AM,660,"11,872","20,419","17,581","1,176",740,"2,219","1,340","3,154",779,"4,721",139,"3,555","5,845",342,"25,438","32,499",773,419,"1,470",645,"2,252","2,493","1,210",0
228,10/28/2020 10:00:00 AM,679,"11,921","20,510","17,664","1,184",740,"2,231","1,348","3,168",782,"4,748",142,"3,583","5,865",343,"25,562","32,648",777,421,"1,475",647,"2,281","2,494","1,212",0
229,10/29/2020 10:00:00 AM,693,"12,040","20,670","17,774","1,188",750,"2,258","1,354","3,187",797,"4,786",147,"3,612","5,894",343,"25,692","32,800",784,427,"1,497",651,"2,304","2,519","1,220",0
230,10/30/2020 10:00:00 AM,735,"12,115","20,867","17,850","1,195",753,"2,278","1,365","3,208",808,"4,826",147,"3,649","5,930",343,"25,831","32,937",798,435,"1,501",655,"2,327","2,539","1,222",0
231,10/31/2020 10:00:00 AM,766,"12,202","21,017","17,976","1,204",760,"2,294","1,372","3,226",821,"4,857",150,"3,680","5,959",346,"25,993","33,111",802,438,"1,504",658,"2,358","2,554","1,233",0
232,11/01/2020 10:00:00 AM,775,"12,256","21,194","18,100","1,212",765,"2,301","1,381","3,247",829,"4,909",150,"3,726","5,988",348,"26,114","33,248",804,439,"1,507",660,"2,378","2,572","1,242",0
233,11/02/2020 10:00:00 AM,791,"12,361","21,349","18,211","1,216",767,"2,311","1,390","3,263",833,"4,936",154,"3,747","6,019",348,"26,277","33,360",806,451,"1,510",663,"2,393","2,590","1,249",0
234,11/03/2020 10:00:00 AM,845,"12,448","21,479","18,292","1,224",767,"2,330","1,398","3,273",835,"4,951",161,"3,768","6,059",349,"26,398","33,488",812,454,"1,515",662,"2,404","2,601","1,253",0
235,11/04/2020 10:00:00 AM,884,"12,540","21,605","18,457","1,230",767,"2,354","1,407","3,299",837,"4,987",165,"3,820","6,085",349,"26,551","33,651",818,462,"1,524",663,"2,445","2,612","1,254",0
236,11/05/2020 10:00:00 AM,923,"12,653","21,795","18,610","1,243",772,"2,364","1,427","3,324",839,"5,030",168,"3,873","6,132",353,"26,777","33,821",822,476,"1,529",668,"2,479","2,628","1,258",0
237,11/06/2020 10:00:00 AM,972,"12,795","22,046","18,824","1,265",774,"2,396","1,439","3,377",848,"5,069",172,"3,948","6,195",354,"26,996","34,070",826,484,"1,558",668,"2,514","2,647","1,268",0
238,11/07/2020 10:00:00 AM,"1,023","12,970","22,267","19,065","1,270",777,"2,421","1,459","3,419",858,"5,116",174,"3,999","6,261",355,"27,169","34,246",835,489,"1,571",670,"2,557","2,671","1,273",0
239,11/08/2020 10:00:00 AM,"1,051","13,067","22,427","19,196","1,274",778,"2,451","1,466","3,443",869,"5,166",181,"4,076","6,302",355,"27,342","34,384",837,492,"1,591",673,"2,612","2,687","1,276",0
240,11/09/2020 10:00:00 AM,"1,119","13,224","22,668","19,358","1,283",781,"2,474","1,473","3,484",873,"5,211",189,"4,130","6,376",355,"27,546","34,589",840,495,"1,601",674,"2,632","2,714","1,282",0
241,11/10/2020 10:00:00 AM,"1,156","13,335","22,864","19,549","1,294",783,"2,504","1,489","3,516",874,"5,257",194,"4,188","6,443",360,"27,731","34,856",848,506,"1,608",674,"2,664","2,728","1,288",0
242,11/11/2020 10:00:00 AM,"1,245","13,495","23,104","19,768","1,300",785,"2,551","1,508","3,553",878,"5,318",209,"4,272","6,517",363,"27,969","35,146",856,510,"1,630",678,"2,725","2,741","1,302",0
243,11/12/2020 10:00:00 AM,"1,273","13,595","23,392","20,006","1,313",786,"2,592","1,526","3,592",886,"5,373",211,"4,329","6,581",366,"28,146","35,336",870,517,"1,651",685,"2,787","2,776","1,311",0
244,11/13/2020 10:00:00 AM,"1,399","13,751","23,682","20,197","1,341",798,"2,615","1,539","3,616",898,"5,441",240,"4,408","6,656",369,"28,385","35,666",885,529,"1,670",689,"2,875","2,800","1,320",0
245,11/14/2020 10:00:00 AM,"1,520","13,948","24,013","20,470","1,350",804,"2,682","1,570","3,670",905,"5,495",274,"4,532","6,731",370,"28,727","36,052",902,532,"1,702",697,"2,955","2,849","1,340",0
246,11/15/2020 10:00:00 AM,"1,606","14,129","24,285","20,737","1,365",810,"2,703","1,596","3,717",910,"5,565",305,"4,616","6,791",372,"28,989","36,269",908,540,"1,731",708,"3,038","2,884","1,356",0
247,11/16/2020 10:00:00 AM,"1,664","14,307","24,594","21,010","1,373",819,"2,737","1,640","3,738",911,"5,616",312,"4,749","6,843",374,"29,205","36,486",927,541,"1,749",715,"3,070","2,914","1,362",0
248,11/17/2020 10:00:00 AM,"1,771","14,480","24,897","21,186","1,388",823,"2,780","1,669","3,790",918,"5,703",328,"4,828","6,945",376,"29,571","36,905",937,575,"1,771",719,"3,112","2,956","1,377",0
249,11/18/2020 10:00:00 AM,"1,889","14,660","25,253","21,409","1,402",825,"2,845","1,694","3,831",919,"5,778",366,"4,959","7,005",377,"29,833","37,184",946,584,"1,786",723,"3,187","2,992","1,376",0
250,11/19/2020 10:00:00 AM,"1,990","14,931","25,753","21,783","1,430",839,"2,880","1,744","3,880",929,"5,859",408,"5,102","7,106",387,"30,298","37,581",963,609,"1,815",726,"3,295","3,033","1,392",0
251,11/20/2020 10:00:00 AM,"2,115","15,103","26,088","22,010","1,439",844,"2,930","1,795","3,938",932,"5,943",447,"5,184","7,201",391,"30,580","38,053",990,636,"1,851",733,"3,409","3,071","1,403",0
252,11/21/2020 10:00:00 AM,"2,282","15,294","26,583","22,466","1,456",860,"2,978","1,820","3,990",950,"6,036",470,"5,344","7,340",399,"30,882","38,428","1,001",727,"1,889",742,"3,509","3,112","1,413",0
253,11/22/2020 10:00:00 AM,"2,421","15,471","26,967","22,699","1,468",869,"3,020","1,857","4,025",961,"6,139",496,"5,461","7,398",404,"31,176","38,699","1,010",742,"1,935",749,"3,601","3,148","1,423",0
254,11/23/2020 10:00:00 AM,"2,493","15,587","27,223","22,932","1,480",878,"3,052","1,890","4,065",968,"6,198",504,"5,537","7,488",410,"31,389","38,985","1,027",743,"1,949",761,"3,651","3,172","1,415",0
255,11/24/2020 10:00:00 AM,"2,593","15,715","27,402","23,087","1,495",890,"3,092","1,923","4,104",970,"6,267",545,"5,600","7,542",413,"31,622","39,297","1,033",761,"1,983",781,"3,710","3,214","1,425",0
256,11/25/2020 10:00:00 AM,"2,734","15,939","27,780","23,361","1,521",902,"3,135","1,944","4,158",970,"6,385",612,"5,714","7,638",416,"32,005","39,790","1,045",777,"2,012",786,"3,847","3,261","1,429",0
257,11/26/2020 10:00:00 AM,"2,830","16,114","28,146","23,682","1,528",919,"3,174","1,979","4,184",988,"6,485",657,"5,805","7,803",425,"32,259","40,095","1,049",810,"2,028",793,"3,982","3,305","1,440",0
258,11/27/2020 10:00:00 AM,"2,962","16,297","28,504","23,955","1,537",938,"3,222","2,023","4,254",996,"6,575",682,"5,875","7,917",428,"32,601","40,479","1,061",823,"2,063",801,"4,074","3,348","1,443",0
259,11/28/2020 10:00:00 AM,"3,028","16,404","28,752","24,120","1,555",945,"3,254","2,045","4,276",998,"6,660",701,"5,940","7,961",435,"32,790","40,797","1,074",886,"2,075",805,"4,116","3,377","1,454",0
260,11/29/2020 10:00:00 AM,"3,093","16,585","29,008","24,309","1,583",952,"3,291","2,078","4,317","1,004","6,773",728,"6,026","8,066",438,"33,103","41,067","1,083",910,"2,118",811,"4,240","3,402","1,462",0
261,11/30/2020 10:00:00 AM,"3,168","16,742","29,315","24,521","1,598",972,"3,327","2,109","4,391","1,011","6,871",755,"6,099","8,155",448,"33,400","41,297","1,097",918,"2,153",819,"4,281","3,440","1,483",0
262,12/01/2020 10:00:00 AM,"3,366","16,919","29,645","24,762","1,611",983,"3,366","2,156","4,434","1,021","6,949",788,"6,160","8,252",466,"33,905","41,857","1,108","1,061","2,174",824,"4,375","3,462","1,491",0
263,12/02/2020 10:00:00 AM,"3,466","17,166","29,897","25,006","1,635",990,"3,415","2,199","4,502","1,030","7,123",817,"6,234","8,343",467,"34,159","42,190","1,111","1,102","2,210",830,"4,469","3,490","1,504",0
264,12/03/2020 10:00:00 AM,"3,597","17,318","30,187","25,270","1,660","1,003","3,442","2,242","4,522","1,034","7,249",874,"6,294","8,410",472,"34,425","42,458","1,135","1,117","2,240",836,"4,570","3,530","1,514",0
265,12/04/2020 10:00:00 AM,"3,900","17,627","30,671","25,686","1,687","1,030","3,517","2,288","4,593","1,045","7,425",915,"6,405","8,561",486,"35,056","43,000","1,159","1,127","2,295",848,"4,764","3,570","1,536",0
266,12/05/2020 10:00:00 AM,"3,933","17,958","31,077","25,952","1,705","1,039","3,594","2,347","4,666","1,061","7,577",943,"6,519","8,719",500,"35,538","43,635","1,191","1,151","2,335",872,"4,890","3,619","1,563",0
267,12/06/2020 10:00:00 AM,"4,071","18,193","31,416","26,194","1,724","1,047","3,681","2,391","4,717","1,085","7,719",976,"6,574","8,813",507,"35,998","44,057","1,205","1,171","2,395",880,"4,991","3,640","1,582",0
268,12/07/2020 10:00:00 AM,"4,101","18,429","31,708","26,419","1,746","1,065","3,728","2,435","4,752","1,085","7,852",999,"6,634","8,912",510,"36,449","44,402","1,222","1,183","2,419",892,"5,111","3,681","1,595",0
269,12/08/2020 10:00:00 AM,"4,204","18,646","32,014","26,593","1,766","1,086","3,796","2,514","4,804","1,091","7,952","1,024","6,704","9,004",513,"36,851","44,894","1,236","1,351","2,486",904,"5,190","3,725","1,613",0
270,12/09/2020 10:00:00 AM,"4,321","18,914","32,387","26,897","1,801","1,090","3,843","2,598","4,886","1,098","8,074","1,058","6,769","9,124",515,"37,194","45,345","1,250","1,372","2,539",910,"5,288","3,747","1,633",0
271,12/10/2020 10:00:00 AM,"4,378","19,255","32,853","27,197","1,812","1,104","3,882","2,644","4,945","1,129","8,226","1,095","6,904","9,280",523,"37,738","45,871","1,277","1,380","2,572",922,"5,425","3,796","1,647",0
272,12/11/2020 10:00:00 AM,"4,441","19,547","33,125","27,464","1,822","1,130","3,934","2,674","4,994","1,135","8,363","1,116","6,978","9,388",533,"38,190","46,335","1,315","1,391","2,608",931,"5,572","3,824","1,661",0
273,12/12/2020 10:00:00 AM,"4,590","19,866","33,539","27,796","1,849","1,148","4,056","2,785","5,070","1,152","8,550","1,146","7,096","9,536",550,"38,812","46,877","1,337","1,411","2,665",947,"5,679","3,868","1,684",0
274,12/13/2020 10:00:00 AM,"4,612","20,171","33,850","28,046","1,867","1,156","4,140","2,820","5,142","1,164","8,687","1,153","7,192","9,633",562,"39,316","47,288","1,346","1,426","2,686",959,"5,804","3,921","1,706",0
